binary_2p22__24.p,17
binary_23p24__47.p,25
binary_1m27__27.p,1
binary_28p16__44.p,25
binary_21p24__45.p,25
binary_9p3__12.p,15
binary_11m0__0.p,1
binary_19p21__40.p,43
binary_11p24__35.p,25
binary_17p19__36.p,37
binary_17m12__204.p,131
binary_7p22__29.p,25
binary_10m10__100.p,145
binary_27m12__324.p,183
binary_9p22__31.p,21
binary_24p0__24.p,1
binary_23p3__26.p,19
binary_25m18__450.p,233
binary_18m15__270.p,225
binary_21p11__32.p,39
binary_28p16__44.p,25
binary_26m2__52.p,31
binary_22p3__25.p,15
binary_24p3__27.p,7
binary_0m9__0.p,1
binary_21m2__42.p,35
binary_2p29__31.p,9
binary_26m10__260.p,167
binary_29m14__406.p,223
binary_0p17__17.p,1
binary_1p19__20.p,11
binary_0p8__8.p,1
binary_17m7__119.p,139
binary_25p25__50.p,35
binary_4p5__9.p,13
binary_8m8__64.p,95
binary_0p21__21.p,1
binary_3p25__28.p,19
binary_24p17__41.p,25
binary_5p29__34.p,29
binary_7p7__14.p,23
binary_18p2__20.p,11
binary_3m20__60.p,67
binary_19p20__39.p,25
binary_3m8__24.p,49
binary_15m25__375.p,273
binary_26p27__53.p,35
binary_26p18__44.p,31
binary_12m28__336.p,119
binary_10m24__240.p,125
binary_22m18__396.p,239
binary_24p23__47.p,25
binary_16m9__144.p,133
binary_24p2__26.p,7
binary_2m3__6.p,31
binary_24m20__480.p,145
binary_24m23__552.p,253
binary_13m4__52.p,81
binary_19p4__23.p,13
binary_22p29__51.p,35
binary_21m29__609.p,395
binary_15p10__25.p,29
binary_22m26__572.p,243
binary_20m15__300.p,213
binary_28m14__392.p,169
binary_28p2__30.p,7
binary_11p2__13.p,11
binary_7m7__49.p,157
binary_26m8__208.p,113
binary_17p27__44.p,37
binary_19p9__28.p,31
binary_4p7__11.p,13
binary_20p13__33.p,27
binary_4m4__16.p,63
binary_29p21__50.p,41
binary_4p23__27.p,19
binary_9m27__243.p,229
binary_14p15__29.p,29
binary_4m28__112.p,63
binary_3m3__9.p,45
binary_8m23__184.p,135
binary_6m16__96.p,81
binary_10m11__110.p,173
binary_4p18__22.p,15
binary_12p5__17.p,17
binary_14p28__42.p,31
binary_3p13__16.p,23
binary_22m18__396.p,239
binary_29m26__754.p,293
binary_28m23__644.p,359
binary_20m16__320.p,145
binary_8p15__23.p,19
binary_21m24__504.p,195
binary_17p25__42.p,31
binary_0m15__0.p,1
binary_26m8__208.p,113
binary_19p14__33.p,33
binary_5m8__40.p,93
binary_15m11__165.p,317
binary_12p5__17.p,17
binary_12p10__22.p,19
binary_15m2__30.p,35
binary_7p3__10.p,15
binary_7p27__34.p,35
binary_15p24__39.p,25
binary_14p3__17.p,15
binary_11p2__13.p,11
binary_29p5__34.p,27
binary_12m2__24.p,31
binary_0p1__1.p,1
binary_19p4__23.p,13
binary_21m19__399.p,335
binary_9p18__27.p,21
binary_25m0__0.p,1
binary_14p18__32.p,37
binary_29p20__49.p,35
binary_11m5__55.p,125
binary_23p11__34.p,39
binary_18p12__30.p,19
binary_27p0__27.p,1
binary_19p6__25.p,21
binary_12p18__30.p,21
binary_25p15__40.p,39
binary_14m5__70.p,99
binary_21m23__483.p,441
binary_3m22__66.p,81
binary_17m5__85.p,123
binary_0p6__6.p,1
binary_23p23__46.p,43
binary_28m21__588.p,261
binary_7p29__36.p,35
binary_3p13__16.p,23
binary_8m1__8.p,1
binary_21p18__39.p,25
binary_3m3__9.p,45
binary_28p27__55.p,29
binary_16p2__18.p,7
binary_15p24__39.p,25
binary_5p20__25.p,19
binary_21p7__28.p,27
binary_15m10__150.p,209
binary_19m24__456.p,235
binary_26p11__37.p,29
binary_9p8__17.p,19
binary_5p21__26.p,25
binary_1m25__25.p,1
binary_24m13__312.p,143
binary_29m22__638.p,315
binary_7p10__17.p,25
binary_24m22__528.p,197
binary_6p21__27.p,19
binary_12m28__336.p,119
binary_10m25__250.p,151
binary_18p11__29.p,25
binary_19m5__95.p,127
binary_18m10__180.p,149
binary_1p5__6.p,7
binary_24m14__336.p,135
binary_2m18__36.p,31
binary_1p19__20.p,11
binary_11p22__33.p,37
binary_10p26__36.p,31
binary_25m10__250.p,157
binary_4p3__7.p,7
binary_7m5__35.p,121
binary_7m3__21.p,57
binary_27m2__54.p,35
binary_6p27__33.p,29
binary_22m26__572.p,243
binary_21m17__357.p,273
binary_18m11__198.p,211
binary_23m3__69.p,81
binary_22m22__484.p,313
binary_15m13__195.p,265
binary_27m15__405.p,387
binary_0p22__22.p,1
binary_2m20__40.p,31
binary_1p15__16.p,15
binary_28p6__34.p,21
binary_15p5__20.p,27
binary_29p11__40.p,39
binary_25m0__0.p,1
binary_4p25__29.p,15
binary_11p13__24.p,35
binary_4p18__22.p,15
binary_24m29__696.p,201
binary_0p10__10.p,1
binary_8p0__8.p,1
binary_15p15__30.p,35
binary_24m19__456.p,221
binary_20p4__24.p,17
binary_7m22__154.p,185
binary_16m7__112.p,109
binary_13m11__143.p,219
binary_18p3__21.p,11
binary_27p28__55.p,29
binary_18p15__33.p,33
binary_25m26__650.p,251
binary_12p5__17.p,17
binary_5m26__130.p,117
binary_23m13__299.p,293
binary_25p27__52.p,41
binary_26m18__468.p,211
binary_22p5__27.p,17
binary_16p11__27.p,19
binary_8m17__136.p,119
binary_14p22__36.p,37
binary_15m28__420.p,283
binary_25m24__600.p,191
binary_24m21__504.p,183
binary_27m23__621.p,515
binary_8m2__16.p,31
binary_9p2__11.p,7
binary_12p5__17.p,17
binary_24p0__24.p,1
binary_20m17__340.p,193
binary_23m12__276.p,195
binary_4p2__6.p,7
binary_29p9__38.p,29
binary_27p27__54.p,41
binary_4m10__40.p,63
binary_8p11__19.p,19
binary_25p8__33.p,23
binary_29m3__87.p,69
binary_15p11__26.p,35
binary_9p23__32.p,43
binary_29m14__406.p,223
binary_15m13__195.p,265
binary_9m7__63.p,125
binary_11p29__40.p,43
binary_2m16__32.p,31
binary_23m27__621.p,493
binary_4m0__0.p,1
binary_24p29__53.p,29
binary_3p17__20.p,19
binary_19m7__133.p,199
binary_24m9__216.p,133
binary_23m15__345.p,425
binary_7m27__189.p,205
binary_1p2__3.p,3
binary_12m23__276.p,183
binary_27m8__216.p,145
binary_8p18__26.p,21
binary_17m21__357.p,281
binary_14m28__392.p,179
binary_6m27__162.p,125
binary_2m28__56.p,31
binary_10m9__90.p,139
binary_12m8__96.p,99
binary_23p16__39.p,25
binary_11p24__35.p,25
binary_9p11__20.p,31
binary_16m7__112.p,109
binary_11p18__29.p,27
binary_27m29__783.p,433
binary_29m17__493.p,277
binary_1m27__27.p,1
binary_29p12__41.p,27
binary_20m28__560.p,181
binary_9m29__261.p,237
binary_20m9__180.p,147
binary_9m14__126.p,147
binary_22p9__31.p,19
binary_1p16__17.p,3
binary_4m21__84.p,77
binary_19p4__23.p,13
binary_25m26__650.p,251
binary_26m0__0.p,1
binary_24m14__336.p,135
binary_27m11__297.p,343
binary_5p28__33.p,23
binary_14p11__25.p,29
binary_17m17__289.p,243
binary_5m13__65.p,135
binary_20m12__240.p,113
binary_24m10__240.p,119
binary_15p2__17.p,15
binary_8p20__28.p,21
binary_9m2__18.p,35
binary_23m28__644.p,385
binary_23p24__47.p,25
binary_13m23__299.p,305
binary_25m2__50.p,35
binary_13m27__351.p,249
binary_22m27__594.p,371
binary_6p24__30.p,15
binary_20p12__32.p,27
binary_4p8__12.p,15
binary_2p7__9.p,13
binary_13p18__31.p,21
binary_8m18__144.p,109
binary_6p8__14.p,15
binary_23p13__36.p,39
binary_12p12__24.p,23
binary_20p5__25.p,17
binary_0m29__0.p,1
binary_6p5__11.p,13
binary_22m4__88.p,67
binary_10m28__280.p,139
binary_19p3__22.p,15
binary_27m14__378.p,249
binary_6m16__96.p,81
binary_24p5__29.p,13
binary_0p2__2.p,1
binary_20m22__440.p,205
binary_20p5__25.p,17
binary_14m25__350.p,171
binary_8m1__8.p,1
binary_20p28__48.p,35
binary_20m23__460.p,289
binary_24p16__40.p,25
binary_23m18__414.p,301
binary_23p7__30.p,27
binary_23p11__34.p,39
binary_20m26__520.p,197
binary_14p7__21.p,21
binary_24p5__29.p,13
binary_14p20__34.p,31
binary_16p2__18.p,7
binary_17m8__136.p,125
binary_14p29__43.p,31
binary_29p21__50.p,41
binary_29m5__145.p,157
binary_14m25__350.p,171
binary_11m12__132.p,171
binary_15m3__45.p,69
binary_23p3__26.p,19
binary_26p18__44.p,31
binary_13p14__27.p,23
binary_5m22__110.p,125
binary_6m10__60.p,79
binary_15m3__45.p,69
binary_10p4__14.p,13
binary_10p8__18.p,19
binary_4p7__11.p,13
binary_13p4__17.p,17
binary_21m7__147.p,179
binary_3m1__3.p,1
binary_6m15__90.p,111
binary_12m28__336.p,119
binary_16m18__288.p,151
binary_28m16__448.p,149
binary_8m29__232.p,119
binary_10m29__290.p,191
binary_16m8__128.p,95
binary_18p14__32.p,33
binary_7p13__20.p,31
binary_10p1__11.p,1
binary_19p24__43.p,25
binary_14p18__32.p,37
binary_10p10__20.p,25
binary_2m21__42.p,31
binary_4m5__20.p,77
binary_15m19__285.p,341
binary_7m23__161.p,263
binary_26m29__754.p,289
binary_18m6__108.p,87
binary_28m23__644.p,359
binary_29m10__290.p,195
binary_3m26__78.p,65
binary_7p1__8.p,9
binary_6m24__144.p,85
binary_1m17__17.p,1
binary_21m25__525.p,299
binary_2m26__52.p,31
binary_12m27__324.p,177
binary_27p26__53.p,35
binary_19m18__342.p,269
binary_15p0__15.p,1
binary_18m2__36.p,31
binary_11p23__34.p,43
binary_11m17__187.p,223
binary_9m24__216.p,145
binary_3p26__29.p,13
binary_27m24__648.p,257
binary_19m15__285.p,341
binary_1m27__27.p,1
binary_8m15__120.p,135
binary_4m1__4.p,1
binary_24p1__25.p,1
binary_24m28__672.p,163
binary_3p25__28.p,19
binary_17m8__136.p,125
binary_0m13__0.p,1
binary_29p21__50.p,41
binary_28p18__46.p,25
binary_14m20__280.p,157
binary_18m15__270.p,225
binary_18m4__72.p,67
binary_27m22__594.p,397
binary_29p25__54.p,35
binary_0m10__0.p,1
binary_20m8__160.p,99
binary_10p12__22.p,19
binary_25p16__41.p,25
binary_16p20__36.p,25
binary_11p18__29.p,27
binary_1p9__10.p,7
binary_0p5__5.p,1
binary_1m9__9.p,1
binary_28p2__30.p,7
binary_6p0__6.p,1
binary_28p20__48.p,35
binary_19p26__45.p,31
binary_18p16__34.p,25
binary_25m25__625.p,273
binary_3m7__21.p,55
binary_9p22__31.p,21
binary_13p26__39.p,25
binary_24m5__120.p,93
binary_22p20__42.p,31
binary_23p20__43.p,31
binary_9m2__18.p,35
binary_17p18__35.p,25
binary_13p15__28.p,35
binary_15p27__42.p,43
binary_1p9__10.p,7
binary_20m4__80.p,63
binary_17m2__34.p,35
binary_10m13__130.p,165
binary_29p22__51.p,35
binary_6m6__36.p,77
binary_24m5__120.p,93
binary_5p27__32.p,35
binary_19p5__24.p,27
binary_16p7__23.p,13
binary_3m24__72.p,65
binary_7p6__13.p,17
binary_1m1__1.p,1
binary_20m14__280.p,147
binary_7p21__28.p,31
binary_15p0__15.p,1
binary_4p6__10.p,13
binary_26m4__104.p,67
binary_22p9__31.p,19
binary_26p1__27.p,1
binary_14p0__14.p,1
binary_17m16__272.p,177
binary_10m29__290.p,191
binary_2p27__29.p,13
binary_14m6__84.p,89
binary_1p27__28.p,11
binary_27m16__432.p,217
binary_3p4__7.p,9
binary_0m24__0.p,1
binary_8m23__184.p,135
binary_28p19__47.p,25
binary_0p7__7.p,1
binary_25m0__0.p,1
binary_27p18__45.p,31
binary_2p15__17.p,17
binary_25p6__31.p,13
binary_19m21__399.p,355
binary_4m16__64.p,63
binary_9m19__171.p,213
binary_3p0__3.p,1
binary_16m15__240.p,171
binary_27p23__50.p,47
binary_3p4__7.p,9
binary_4p5__9.p,13
binary_24p28__52.p,29
binary_7m24__168.p,135
binary_2p17__19.p,9
binary_2m20__40.p,31
binary_13m26__338.p,207
binary_26p8__34.p,23
binary_0p27__27.p,1
binary_20p10__30.p,19
binary_13p3__16.p,19
binary_7p12__19.p,19
binary_5m17__85.p,131
binary_8m13__104.p,119
binary_9p0__9.p,1
binary_18p5__23.p,13
binary_29p2__31.p,7
binary_3m21__63.p,73
binary_3m19__57.p,79
binary_14m17__238.p,163
binary_23p12__35.p,27
binary_18m22__396.p,243
binary_20m26__520.p,197
binary_0m28__0.p,1
binary_1p5__6.p,7
binary_27p0__27.p,1
binary_13m1__13.p,1
binary_14m10__140.p,153
binary_11m16__176.p,181
binary_20p4__24.p,17
binary_8p25__33.p,25
binary_1p7__8.p,11
binary_21m21__441.p,345
binary_15m14__210.p,261
binary_11p25__36.p,37
binary_23m4__92.p,85
binary_6p17__23.p,15
binary_5p20__25.p,19
binary_4p5__9.p,13
binary_26p21__47.p,25
binary_11m2__22.p,35
binary_23p15__38.p,39
binary_10p11__21.p,25
binary_11m18__198.p,223
binary_2p6__8.p,13
binary_24m20__480.p,145
binary_29p24__53.p,29
binary_27p8__35.p,23
binary_14p21__35.p,31
binary_1m7__7.p,1
binary_14p0__14.p,1
binary_10m21__210.p,177
binary_1p10__11.p,3
binary_6m1__6.p,1
binary_17p2__19.p,7
binary_13m21__273.p,269
binary_17p26__43.p,25
binary_8m16__128.p,95
binary_24m12__288.p,105
binary_22m7__154.p,161
binary_27p24__51.p,29
binary_11m25__275.p,259
binary_7m1__7.p,1
binary_19m11__209.p,327
binary_25m15__375.p,265
binary_24m21__504.p,183
binary_2m7__14.p,31
binary_19p20__39.p,25
binary_14p6__20.p,21
binary_0p29__29.p,1
binary_22m16__352.p,177
binary_8p11__19.p,19
binary_5m15__75.p,143
binary_29p18__47.p,25
binary_15p5__20.p,27
binary_6p15__21.p,25
binary_17m2__34.p,35
binary_11p4__15.p,13
binary_25m24__600.p,191
binary_12m22__264.p,143
binary_5m15__75.p,143
binary_20m14__280.p,147
binary_24m22__528.p,197
binary_20m18__360.p,171
binary_4p2__6.p,7
binary_27p18__45.p,31
binary_28p12__40.p,27
binary_14p27__41.p,37
binary_8m9__72.p,119
binary_4p25__29.p,15
binary_13m26__338.p,207
binary_28p26__54.p,29
binary_6p25__31.p,15
binary_21m11__231.p,265
binary_28p4__32.p,21
binary_1m17__17.p,1
binary_4m13__52.p,77
binary_1m9__9.p,1
binary_23p4__27.p,17
binary_15m23__345.p,439
binary_23p17__40.p,43
binary_29m7__203.p,189
binary_1m19__19.p,1
binary_6p8__14.p,15
binary_3m21__63.p,73
binary_9m20__180.p,161
binary_23m5__115.p,157
binary_24p24__48.p,29
binary_17p17__34.p,31
binary_24m0__0.p,1
binary_23p14__37.p,33
binary_7p12__19.p,19
binary_28p25__53.p,29
binary_16p12__28.p,19
binary_14m17__238.p,163
binary_18m29__522.p,261
binary_2m11__22.p,31
binary_14m7__98.p,137
binary_8p4__12.p,13
binary_1m19__19.p,1
binary_16m6__96.p,75
binary_9m20__180.p,161
binary_1m10__10.p,1
binary_0p5__5.p,1
binary_20m23__460.p,289
binary_10p25__35.p,25
binary_20p19__39.p,25
binary_23p16__39.p,25
binary_13m4__52.p,81
binary_26p8__34.p,23
binary_6p0__6.p,1
binary_28m10__280.p,131
binary_27p9__36.p,35
binary_24p27__51.p,29
binary_17p23__40.p,43
binary_15m22__330.p,327
binary_2m22__44.p,31
binary_1p13__14.p,7
binary_26p15__41.p,33
binary_13p4__17.p,17
binary_11m9__99.p,207
binary_15p1__16.p,13
binary_19p19__38.p,37
binary_8m22__176.p,109
binary_17p1__18.p,5
binary_11p20__31.p,21
binary_19p1__20.p,9
binary_0m0__0.p,1
binary_25m19__475.p,297
binary_28p27__55.p,29
binary_28p10__38.p,23
binary_8m23__184.p,135
binary_4m9__36.p,77
binary_25m2__50.p,35
binary_8m3__24.p,43
binary_20p20__40.p,31
binary_16m15__240.p,171
binary_28p2__30.p,7
binary_15m25__375.p,273
binary_23p18__41.p,37
binary_22p1__23.p,1
binary_29p22__51.p,35
binary_1p13__14.p,7
binary_22p28__50.p,35
binary_6p25__31.p,15
binary_10p8__18.p,19
binary_0m26__0.p,1
binary_11m16__176.p,181
binary_20p12__32.p,27
binary_9m2__18.p,35
binary_19m25__475.p,299
binary_23m8__184.p,149
binary_3p14__17.p,17
binary_15m8__120.p,149
binary_17m5__85.p,123
binary_13p20__33.p,31
binary_16m11__176.p,163
binary_18p11__29.p,25
binary_8m4__32.p,63
binary_21p26__47.p,25
binary_24p12__36.p,23
binary_12m8__96.p,99
binary_2m12__24.p,31
binary_28m7__196.p,145
binary_12m13__156.p,133
binary_24p12__36.p,23
binary_10p7__17.p,21
binary_21m20__420.p,255
binary_26m19__494.p,273
binary_29p24__53.p,29
binary_27m0__0.p,1
binary_7p11__18.p,31
binary_26p9__35.p,23
binary_11m1__11.p,1
binary_13m10__130.p,177
binary_12p4__16.p,17
binary_8p1__9.p,1
binary_24p6__30.p,13
binary_20p26__46.p,25
binary_11p29__40.p,43
binary_21p10__31.p,19
binary_3p20__23.p,9
binary_29m24__696.p,217
binary_22m16__352.p,177
binary_3m27__81.p,87
binary_29m18__522.p,269
binary_19m10__190.p,189
binary_2p0__2.p,1
binary_6p3__9.p,11
binary_15p14__29.p,29
binary_11p3__14.p,15
binary_27m7__189.p,199
binary_19p3__22.p,15
binary_1p26__27.p,3
binary_14m20__280.p,157
binary_20m0__0.p,1
binary_14p2__16.p,15
binary_1p3__4.p,7
binary_12p2__14.p,7
binary_18p27__45.p,31
binary_12m19__228.p,169
binary_21m14__294.p,213
binary_6p0__6.p,1
binary_7m28__196.p,175
binary_12m8__96.p,99
binary_7m18__126.p,133
binary_14p20__34.p,31
binary_15m7__105.p,199
binary_2m27__54.p,31
binary_13m27__351.p,249
binary_28m28__784.p,221
binary_0p4__4.p,1
binary_11p7__18.p,27
binary_5m29__145.p,175
binary_23p16__39.p,25
binary_24p23__47.p,25
binary_27m24__648.p,257
binary_16p14__30.p,19
binary_11m1__11.p,1
binary_0m4__0.p,1
binary_11p13__24.p,35
binary_4p17__21.p,15
binary_16p10__26.p,19
binary_11m15__165.p,313
binary_11p8__19.p,19
binary_25m7__175.p,147
binary_14m26__364.p,181
binary_25m19__475.p,297
binary_16m0__0.p,1
binary_13m15__195.p,269
binary_3p16__19.p,9
binary_4p4__8.p,13
binary_21m21__441.p,345
binary_29m18__522.p,269
binary_28m12__336.p,121
binary_6m29__174.p,109
binary_3p2__5.p,7
binary_4p10__14.p,15
binary_19p24__43.p,25
binary_26m3__78.p,53
binary_27m8__216.p,145
binary_27p27__54.p,41
binary_16m12__192.p,101
binary_12m17__204.p,129
binary_2m15__30.p,31
binary_21p8__29.p,19
binary_18p22__40.p,37
binary_21p3__24.p,19
binary_20m25__500.p,193
binary_14p8__22.p,19
binary_21m22__462.p,307
binary_4p0__4.p,1
binary_0m14__0.p,1
binary_28p29__57.p,35
binary_2m21__42.p,31
binary_19p24__43.p,25
binary_13p8__21.p,19
binary_7p20__27.p,19
binary_20p14__34.p,27
binary_25m4__100.p,81
binary_4m4__16.p,63
binary_11p11__22.p,31
binary_19p22__41.p,37
binary_16p23__39.p,25
binary_21m15__315.p,303
binary_16m23__368.p,211
binary_22m6__132.p,101
binary_10m17__170.p,151
binary_15p4__19.p,17
binary_5m7__35.p,117
binary_19p19__38.p,37
binary_19m15__285.p,341
binary_23p20__43.p,31
binary_20m14__280.p,147
binary_22p24__46.p,25
binary_13m17__221.p,195
binary_29p19__48.p,47
binary_29p29__58.p,41
binary_28m17__476.p,197
binary_25m19__475.p,297
binary_6p22__28.p,25
binary_1m29__29.p,1
binary_22m25__550.p,269
binary_16m20__320.p,141
binary_19p24__43.p,25
binary_19p15__34.p,39
binary_20m28__560.p,181
binary_4p2__6.p,7
binary_3p7__10.p,19
binary_21p10__31.p,19
binary_0m13__0.p,1
binary_13m17__221.p,195
binary_7m17__119.p,153
binary_28m10__280.p,131
binary_7m21__147.p,209
binary_2m16__32.p,31
binary_7p0__7.p,1
binary_21p27__48.p,47
binary_11m24__264.p,199
binary_13m26__338.p,207
binary_20m17__340.p,193
binary_1p21__22.p,7
binary_6p24__30.p,15
binary_5m17__85.p,131
binary_12p13__25.p,23
binary_26p16__42.p,25
binary_7m9__63.p,129
binary_17m10__170.p,157
binary_15p18__33.p,37
binary_19p2__21.p,11
binary_0m28__0.p,1
binary_11p22__33.p,37
binary_9p10__19.p,19
binary_1p16__17.p,3
binary_3m14__42.p,63
binary_3m15__45.p,75
binary_23m25__575.p,345
binary_1m26__26.p,1
binary_16m14__224.p,127
binary_4p13__17.p,19
binary_22m18__396.p,239
binary_21m24__504.p,195
binary_4p22__26.p,19
binary_7m11__77.p,181
binary_28m27__756.p,291
binary_0m24__0.p,1
binary_18p8__26.p,19
binary_18m8__144.p,113
binary_4m22__88.p,63
binary_11m14__154.p,219
binary_27p29__56.p,47
binary_3m3__9.p,45
binary_9p8__17.p,19
binary_17p14__31.p,19
binary_0p21__21.p,1
binary_9m9__81.p,175
binary_22m15__330.p,303
binary_29p7__36.p,31
binary_9m17__153.p,185
binary_8p27__35.p,25
binary_11p12__23.p,19
binary_19p29__48.p,47
binary_28p19__47.p,25
binary_17m15__255.p,227
binary_10m3__30.p,43
binary_25p4__29.p,13
binary_25p12__37.p,23
binary_29m17__493.p,277
binary_14m11__154.p,211
binary_0p11__11.p,1
binary_16p1__17.p,1
binary_19p19__38.p,37
binary_17m9__153.p,179
binary_4m14__56.p,63
binary_17m18__306.p,207
binary_18m16__288.p,157
binary_7p21__28.p,31
binary_29p28__57.p,35
binary_18p16__34.p,25
binary_5p25__30.p,21
binary_5p7__12.p,23
binary_27p9__36.p,35
binary_24m24__576.p,141
binary_20p14__34.p,27
binary_27m19__513.p,459
binary_16p18__34.p,25
binary_1m20__20.p,1
binary_27p14__41.p,33
binary_22m5__110.p,111
binary_29m29__841.p,437
binary_1m12__12.p,1
binary_20m7__140.p,127
binary_21m10__210.p,181
binary_29p11__40.p,39
binary_21p3__24.p,19
binary_11m12__132.p,171
binary_8m24__192.p,95
binary_29m8__232.p,129
binary_2p4__6.p,9
binary_19p12__31.p,19
binary_2p8__10.p,9
binary_17p3__20.p,15
binary_14m11__154.p,211
binary_5p4__9.p,13
binary_25p25__50.p,35
binary_0p17__17.p,1
binary_6p21__27.p,19
binary_14m12__168.p,135
binary_8p13__21.p,19
binary_26m3__78.p,53
binary_11m16__176.p,181
binary_21p25__46.p,31
binary_26p8__34.p,23
binary_21p23__44.p,43
binary_5p17__22.p,21
binary_10p7__17.p,21
binary_7p21__28.p,31
binary_23p16__39.p,25
binary_3m17__51.p,67
binary_29m18__522.p,269
binary_1p15__16.p,15
binary_23m13__299.p,293
binary_22p2__24.p,15
binary_8m15__120.p,135
binary_27m5__135.p,139
binary_7p1__8.p,9
binary_14p8__22.p,19
binary_24m23__552.p,253
binary_21m8__168.p,129
binary_24p1__25.p,1
binary_6m10__60.p,79
binary_9m18__162.p,171
binary_23m6__138.p,129
binary_20m12__240.p,113
binary_24m8__192.p,95
binary_4m15__60.p,77
binary_20m22__440.p,205
binary_27m6__162.p,129
binary_19m8__152.p,145
binary_9m28__252.p,161
binary_28m29__812.p,281
binary_10p27__37.p,31
binary_16p16__32.p,25
binary_1m27__27.p,1
binary_24p19__43.p,25
binary_15m11__165.p,317
binary_28m4__112.p,63
binary_22m23__506.p,391
binary_29p10__39.p,23
binary_2p15__17.p,17
binary_15p3__18.p,19
binary_4p8__12.p,15
binary_0p26__26.p,1
binary_29p11__40.p,39
binary_3m5__15.p,47
binary_2m29__58.p,31
binary_11p13__24.p,35
binary_18p5__23.p,13
binary_26p20__46.p,25
binary_22m7__154.p,161
binary_19m1__19.p,1
binary_29m12__348.p,151
binary_25m25__625.p,273
binary_18p18__36.p,31
binary_1m27__27.p,1
binary_13p5__18.p,23
binary_7m7__49.p,157
binary_12m10__120.p,113
binary_7m14__98.p,147
binary_21p17__38.p,31
binary_12m12__144.p,109
binary_6p22__28.p,25
binary_16m28__448.p,141
binary_18p21__39.p,25
binary_8m17__136.p,119
binary_26m27__702.p,291
binary_26p25__51.p,29
binary_5m21__105.p,167
binary_6m29__174.p,109
binary_10m19__190.p,177
binary_16p3__19.p,7
binary_8m12__96.p,95
binary_14p18__32.p,37
binary_13p7__20.p,27
binary_6p24__30.p,15
binary_9p23__32.p,43
binary_14p7__21.p,21
binary_12p1__13.p,1
binary_28m19__532.p,285
binary_19m11__209.p,327
binary_23p12__35.p,27
binary_10m7__70.p,115
binary_15p26__41.p,37
binary_7m12__84.p,113
binary_14m15__210.p,249
binary_21m15__315.p,303
binary_2p0__2.p,1
binary_19m0__0.p,1
binary_14m8__112.p,117
binary_2p18__20.p,13
binary_24p21__45.p,25
binary_15m28__420.p,283
binary_25m7__175.p,147
binary_16m21__336.p,179
binary_17m15__255.p,227
binary_0p19__19.p,1
binary_13m27__351.p,249
binary_24m10__240.p,119
binary_17m1__17.p,1
binary_4p21__25.p,19
binary_25m20__500.p,211
binary_21m6__126.p,93
binary_17m14__238.p,165
binary_1m18__18.p,1
binary_14m8__112.p,117
binary_12p10__22.p,19
binary_1p7__8.p,11
binary_8p14__22.p,19
binary_25m25__625.p,273
binary_8p29__37.p,25
binary_8m19__152.p,135
binary_0p0__0.p,1
binary_1m21__21.p,1
binary_20m23__460.p,289
binary_19p0__19.p,1
binary_6m19__114.p,117
binary_17m25__425.p,243
binary_25p7__32.p,31
binary_17m26__442.p,207
binary_0m21__0.p,1
binary_17p12__29.p,19
binary_24p11__35.p,23
binary_2p10__12.p,13
binary_12p16__28.p,21
binary_17p8__25.p,19
binary_22p28__50.p,35
binary_7m7__49.p,157
binary_8m0__0.p,1
binary_21m13__273.p,253
binary_2m23__46.p,31
binary_3m7__21.p,55
binary_0m12__0.p,1
binary_21p24__45.p,25
binary_7p28__35.p,23
binary_26p19__45.p,31
binary_12m20__240.p,111
binary_28m0__0.p,1
binary_20p6__26.p,17
binary_25p21__46.p,31
binary_5m28__140.p,129
binary_15m9__135.p,215
binary_21m14__294.p,213
binary_22p12__34.p,27
binary_23p26__49.p,41
binary_24m25__600.p,179
binary_27p20__47.p,25
binary_26m1__26.p,1
binary_11p0__11.p,1
binary_25m11__275.p,255
binary_15p29__44.p,43
binary_6m18__108.p,87
binary_25m7__175.p,147
binary_18m19__342.p,257
binary_24m26__624.p,165
binary_8m7__56.p,95
binary_15m26__390.p,285
binary_14m2__28.p,31
binary_20m8__160.p,99
binary_4m20__80.p,63
binary_8m13__104.p,119
binary_22p17__39.p,25
binary_22p10__32.p,33
binary_1p24__25.p,3
binary_12m5__60.p,87
binary_13p16__29.p,21
binary_26p13__39.p,23
binary_28p27__55.p,29
binary_2p21__23.p,9
binary_5m20__100.p,125
binary_23p4__27.p,17
binary_18m10__180.p,149
binary_22p27__49.p,41
binary_19m9__171.p,211
binary_29p0__29.p,1
binary_11p1__12.p,9
binary_20p22__42.p,31
binary_28p22__50.p,35
binary_29p16__45.p,25
binary_24m18__432.p,155
binary_17m4__68.p,81
binary_0p16__16.p,1
binary_16m11__176.p,163
binary_14m3__42.p,51
binary_22p16__38.p,25
binary_2m21__42.p,31
binary_15p12__27.p,23
binary_10m6__60.p,81
binary_3m22__66.p,81
binary_22p29__51.p,35
binary_20m19__380.p,225
binary_27p18__45.p,31
binary_15p28__43.p,31
binary_15p26__41.p,37
binary_4m10__40.p,63
binary_26m12__312.p,123
binary_14p4__18.p,17
binary_11p28__39.p,25
binary_18p27__45.p,31
binary_23p23__46.p,43
binary_26m1__26.p,1
binary_16m7__112.p,109
binary_24p8__32.p,23
binary_11p13__24.p,35
binary_12p0__12.p,1
binary_11p16__27.p,21
binary_6m18__108.p,87
binary_5p14__19.p,19
binary_19p1__20.p,9
binary_12m20__240.p,111
binary_15p19__34.p,43
binary_14p15__29.p,29
binary_11m0__0.p,1
binary_9p15__24.p,35
binary_14p29__43.p,31
binary_14p9__23.p,19
binary_10p11__21.p,25
binary_16m22__352.p,167
binary_13p21__34.p,37
binary_5m27__135.p,143
binary_12m9__108.p,123
binary_12p16__28.p,21
binary_28m15__420.p,255
binary_18m10__180.p,149
binary_7m0__0.p,1
binary_13p8__21.p,19
binary_9p7__16.p,27
binary_19p20__39.p,25
binary_27p22__49.p,41
binary_29m12__348.p,151
binary_4p17__21.p,15
binary_8m3__24.p,43
binary_19m20__380.p,251
binary_22p27__49.p,41
binary_4m5__20.p,77
binary_19m21__399.p,355
binary_29p5__34.p,27
binary_16m8__128.p,95
binary_3m4__12.p,41
binary_15m20__300.p,241
binary_19m2__38.p,35
binary_5m12__60.p,93
binary_5p4__9.p,13
binary_28p26__54.p,29
binary_12p14__26.p,23
binary_23p17__40.p,43
binary_29m3__87.p,69
binary_0p20__20.p,1
binary_24m20__480.p,145
binary_16m23__368.p,211
binary_11p27__38.p,37
binary_23m4__92.p,85
binary_2p14__16.p,17
binary_16m25__400.p,165
binary_2p19__21.p,13
binary_20p11__31.p,19
binary_20m4__80.p,63
binary_23m27__621.p,493
binary_24p1__25.p,1
binary_16m9__144.p,133
binary_3p23__26.p,23
binary_2p6__8.p,13
binary_5p9__14.p,21
binary_2p10__12.p,13
binary_8p9__17.p,19
binary_12p8__20.p,19
binary_21p11__32.p,39
binary_19p7__26.p,27
binary_15p20__35.p,31
binary_15p9__24.p,35
binary_6m2__12.p,31
binary_29m15__435.p,347
binary_4p3__7.p,7
binary_14p28__42.p,31
binary_29p4__33.p,21
binary_28m24__672.p,167
binary_3p27__30.p,19
binary_20p7__27.p,17
binary_20m18__360.p,171
binary_26p14__40.p,33
binary_0m3__0.p,1
binary_8p13__21.p,19
binary_21p23__44.p,43
binary_20m24__480.p,145
binary_5p6__11.p,13
binary_10m21__210.p,177
binary_6p22__28.p,25
binary_21m18__378.p,227
binary_15m26__390.p,285
binary_27p19__46.p,37
binary_4p19__23.p,15
binary_23p2__25.p,15
binary_2p7__9.p,13
binary_27m3__81.p,81
binary_19m25__475.p,299
binary_27m3__81.p,81
binary_25m27__675.p,347
binary_2m20__40.p,31
binary_8p23__31.p,21
binary_5m29__145.p,175
binary_15p12__27.p,23
binary_21p24__45.p,25
binary_2m6__12.p,31
binary_15p9__24.p,35
binary_7m5__35.p,121
binary_27p29__56.p,47
binary_23m7__161.p,241
binary_6m8__48.p,73
binary_2m23__46.p,31
binary_5m6__30.p,81
binary_17m7__119.p,139
binary_1m3__3.p,1
binary_29p21__50.p,41
binary_7p23__30.p,31
binary_25p20__45.p,25
binary_15p3__18.p,19
binary_17p12__29.p,19
binary_7m16__112.p,127
binary_16m20__320.p,141
binary_4p22__26.p,19
binary_16p2__18.p,7
binary_6p19__25.p,25
binary_28p18__46.p,25
binary_2p3__5.p,7
binary_7p18__25.p,25
binary_1m19__19.p,1
binary_9m16__144.p,145
binary_15p18__33.p,37
binary_23p1__24.p,13
binary_25p22__47.p,25
binary_29p6__35.p,21
binary_6m9__54.p,87
binary_11p26__37.p,31
binary_6p15__21.p,25
binary_18m25__450.p,223
binary_7p18__25.p,25
binary_11p28__39.p,25
binary_23p2__25.p,15
binary_5p7__12.p,23
binary_6p13__19.p,19
binary_21p4__25.p,17
binary_27p22__49.p,41
binary_21p27__48.p,47
binary_10m2__20.p,31
binary_23p27__50.p,47
binary_17p19__36.p,37
binary_2m22__44.p,31
binary_18p22__40.p,37
binary_19m25__475.p,299
binary_9m6__54.p,87
binary_4p25__29.p,15
binary_7p9__16.p,31
binary_18m23__414.p,293
binary_23m6__138.p,129
binary_10m8__80.p,113
binary_13p6__19.p,17
binary_10p14__24.p,29
binary_11m1__11.p,1
binary_22m11__242.p,261
binary_29m25__725.p,325
binary_18m5__90.p,97
binary_9m13__117.p,175
binary_29m4__116.p,81
binary_22p23__45.p,37
binary_15m18__270.p,241
binary_21p6__27.p,17
binary_15m17__255.p,235
binary_0m3__0.p,1
binary_22p15__37.p,33
binary_12p10__22.p,19
binary_20p15__35.p,27
binary_16m12__192.p,101
binary_16m12__192.p,101
binary_15m17__255.p,235
binary_5m16__80.p,105
binary_7p1__8.p,9
binary_16m29__464.p,179
binary_16p0__16.p,1
binary_6m4__24.p,67
binary_3p22__25.p,17
binary_28p3__31.p,7
binary_20m23__460.p,289
binary_4p14__18.p,19
binary_22m14__308.p,207
binary_18m21__378.p,223
binary_8p25__33.p,25
binary_13p13__26.p,29
binary_2p1__3.p,1
binary_12m20__240.p,111
binary_1p15__16.p,15
binary_9p27__36.p,37
binary_13p26__39.p,25
binary_28p4__32.p,21
binary_23m28__644.p,385
binary_8m14__112.p,109
binary_20p7__27.p,17
binary_20m23__460.p,289
binary_20m21__420.p,237
binary_26p2__28.p,11
binary_25m8__200.p,125
binary_28p6__34.p,21
binary_9p25__34.p,31
binary_14p24__38.p,25
binary_24m5__120.p,93
binary_11p23__34.p,43
binary_28m24__672.p,167
binary_17m1__17.p,1
binary_0p29__29.p,1
binary_7m0__0.p,1
binary_28m3__84.p,57
binary_11m0__0.p,1
binary_11p7__18.p,27
binary_26m11__286.p,215
binary_1m10__10.p,1
binary_24p18__42.p,25
binary_2m4__8.p,31
binary_14m9__126.p,143
binary_3m13__39.p,59
binary_1p10__11.p,3
binary_8p17__25.p,21
binary_8m21__168.p,119
binary_9p0__9.p,1
binary_26m3__78.p,53
binary_12p12__24.p,23
binary_15m24__360.p,213
binary_3p25__28.p,19
binary_4p10__14.p,15
binary_14p21__35.p,31
binary_7m2__14.p,35
binary_2m28__56.p,31
binary_22m15__330.p,303
binary_25m13__325.p,217
binary_21m8__168.p,129
binary_9m15__135.p,215
binary_14p27__41.p,37
binary_13m11__143.p,219
binary_18p17__35.p,25
binary_28m13__364.p,179
binary_28m4__112.p,63
binary_20m24__480.p,145
binary_25m6__150.p,97
binary_0m20__0.p,1
binary_22p21__43.p,31
binary_24m2__48.p,31
binary_19p28__47.p,25
binary_14m7__98.p,137
binary_9p8__17.p,19
binary_16p19__35.p,25
binary_21m9__189.p,193
binary_6m26__156.p,91
binary_21m12__252.p,143
binary_11p10__21.p,25
binary_27p1__28.p,9
binary_22p15__37.p,33
binary_16p22__38.p,25
binary_16m11__176.p,163
binary_28m4__112.p,63
binary_11p28__39.p,25
binary_16m19__304.p,195
binary_5m9__45.p,117
binary_14p13__27.p,23
binary_22p12__34.p,27
binary_11m27__297.p,341
binary_14m18__252.p,161
binary_27p0__27.p,1
binary_13m26__338.p,207
binary_5m10__50.p,103
binary_2m0__0.p,1
binary_14m25__350.p,171
binary_14p5__19.p,17
binary_28m25__700.p,215
binary_3m8__24.p,49
binary_12p25__37.p,25
binary_6m21__126.p,101
binary_26p27__53.p,35
binary_17p16__33.p,25
binary_25m9__225.p,201
binary_21m10__210.p,181
binary_2p6__8.p,13
binary_19p20__39.p,25
binary_5p1__6.p,5
binary_5p15__20.p,31
binary_24m0__0.p,1
binary_1m3__3.p,1
binary_18p23__41.p,37
binary_26p0__26.p,1
binary_22m6__132.p,101
binary_4p13__17.p,19
binary_25p14__39.p,23
binary_4m27__108.p,77
binary_0p11__11.p,1
binary_23m9__207.p,229
binary_0m18__0.p,1
binary_3m27__81.p,87
binary_2m23__46.p,31
binary_2m19__38.p,31
binary_17m6__102.p,93
binary_15m8__120.p,149
binary_18m12__216.p,119
binary_18p27__45.p,31
binary_0m8__0.p,1
binary_22p19__41.p,37
binary_12m13__156.p,133
binary_1p23__24.p,15
binary_28p26__54.p,29
binary_28m10__280.p,131
binary_4m19__76.p,77
binary_6m23__138.p,131
binary_3p12__15.p,9
binary_10p16__26.p,21
binary_6p22__28.p,25
binary_19p7__26.p,27
binary_12p15__27.p,23
binary_14p8__22.p,19
binary_9p7__16.p,27
binary_26m18__468.p,211
binary_9p29__38.p,31
binary_15m2__30.p,35
binary_28m15__420.p,255
binary_7m25__175.p,161
binary_25m14__350.p,173
binary_9p14__23.p,19
binary_12m13__156.p,133
binary_21m14__294.p,213
binary_22m14__308.p,207
binary_25p5__30.p,19
binary_5p24__29.p,15
binary_6m1__6.p,1
binary_9m26__234.p,171
binary_12m22__264.p,143
binary_7p7__14.p,23
binary_17m2__34.p,35
binary_20m8__160.p,99
binary_29m15__435.p,347
binary_27m5__135.p,139
binary_27p13__40.p,39
binary_3m29__87.p,81
binary_21p18__39.p,25
binary_20p9__29.p,19
binary_22p26__48.p,41
binary_15p12__27.p,23
binary_7m20__140.p,157
binary_23m17__391.p,341
binary_21p3__24.p,19
binary_8m28__224.p,95
binary_10m16__160.p,125
binary_5p12__17.p,19
binary_6p29__35.p,23
binary_14p24__38.p,25
binary_17m12__204.p,131
binary_0m4__0.p,1
binary_21m13__273.p,253
binary_7p23__30.p,31
binary_9m18__162.p,171
binary_11p13__24.p,35
binary_16p7__23.p,13
binary_18p9__27.p,19
binary_9p21__30.p,27
binary_0m2__0.p,1
binary_14p18__32.p,37
binary_8p12__20.p,19
binary_26p24__50.p,29
binary_26m2__52.p,31
binary_1p27__28.p,11
binary_7p18__25.p,25
binary_26p5__31.p,13
binary_25m25__625.p,273
binary_10p28__38.p,25
binary_26m28__728.p,215
binary_2p18__20.p,13
binary_8p6__14.p,13
binary_29p2__31.p,7
binary_2p29__31.p,9
binary_2p8__10.p,9
binary_20p28__48.p,35
binary_27p17__44.p,37
binary_24p22__46.p,25
binary_23p24__47.p,25
binary_6p13__19.p,19
binary_6p25__31.p,15
binary_24m27__648.p,239
binary_5p0__5.p,1
binary_18p1__19.p,1
binary_23m29__667.p,485
binary_15m26__390.p,285
binary_24p24__48.p,29
binary_20p5__25.p,17
binary_7p2__9.p,11
binary_16m11__176.p,163
binary_0p24__24.p,1
binary_22m22__484.p,313
binary_4m13__52.p,77
binary_1m27__27.p,1
binary_4m11__44.p,77
binary_16m10__160.p,119
binary_1p20__21.p,3
binary_13p2__15.p,7
binary_24m15__360.p,191
binary_1m24__24.p,1
binary_26p22__48.p,41
binary_11m13__143.p,211
binary_5p6__11.p,13
binary_23p14__37.p,33
binary_1p23__24.p,15
binary_25p13__38.p,29
binary_0m3__0.p,1
binary_8p29__37.p,25
binary_10p16__26.p,21
binary_10p12__22.p,19
binary_20p25__45.p,25
binary_12m14__168.p,131
binary_22m10__220.p,157
binary_0m19__0.p,1
binary_26p17__43.p,25
binary_9m10__90.p,147
binary_27m19__513.p,459
binary_25m28__700.p,229
binary_0p21__21.p,1
binary_9p11__20.p,31
binary_19m11__209.p,327
binary_26m18__468.p,211
binary_28m11__308.p,213
binary_6p17__23.p,15
binary_12m13__156.p,133
binary_12m11__132.p,165
binary_4m21__84.p,77
binary_15m29__435.p,367
binary_22p14__36.p,33
binary_13m8__104.p,129
binary_5m29__145.p,175
binary_22p23__45.p,37
binary_4p16__20.p,15
binary_20m29__580.p,257
binary_28p8__36.p,23
binary_1p6__7.p,3
binary_26m8__208.p,113
binary_8p8__16.p,19
binary_5m6__30.p,81
binary_4m24__96.p,63
binary_9p11__20.p,31
binary_17p19__36.p,37
binary_19p19__38.p,37
binary_16p13__29.p,19
binary_21m29__609.p,395
binary_7p29__36.p,35
binary_10p2__12.p,11
binary_5p9__14.p,21
binary_29p29__58.p,41
binary_29p28__57.p,35
binary_17p11__28.p,31
binary_11m17__187.p,223
binary_27m4__108.p,85
binary_7m22__154.p,185
binary_25m2__50.p,35
binary_9m3__27.p,55
binary_24m3__72.p,53
binary_12p5__17.p,17
binary_19m18__342.p,269
binary_21m26__546.p,283
binary_16m8__128.p,95
binary_17p27__44.p,37
binary_16p21__37.p,25
binary_11m13__143.p,211
binary_7m1__7.p,1
binary_17m6__102.p,93
binary_29m11__319.p,269
binary_22m7__154.p,161
binary_28m19__532.p,285
binary_21m21__441.p,345
binary_27p7__34.p,31
binary_23m2__46.p,35
binary_16m24__384.p,127
binary_15m18__270.p,241
binary_21m7__147.p,179
binary_16p25__41.p,25
binary_24p15__39.p,23
binary_25p19__44.p,37
binary_14m8__112.p,117
binary_5p3__8.p,15
binary_8p22__30.p,21
binary_23p6__29.p,21
binary_8m14__112.p,109
binary_5m10__50.p,103
binary_8m4__32.p,63
binary_27m14__378.p,249
binary_7p26__33.p,29
binary_1p3__4.p,7
binary_22m20__440.p,217
binary_24p25__49.p,29
binary_22p16__38.p,25
binary_26p3__29.p,11
binary_19m18__342.p,269
binary_22p3__25.p,15
binary_10p0__10.p,1
binary_27m25__675.p,353
binary_4p4__8.p,13
binary_10p7__17.p,21
binary_28p6__34.p,21
binary_15m8__120.p,149
binary_29m0__0.p,1
binary_8p25__33.p,25
binary_25p21__46.p,31
binary_1p25__26.p,7
binary_23m12__276.p,195
binary_11p7__18.p,27
binary_15m10__150.p,209
binary_2p26__28.p,13
binary_22m7__154.p,161
binary_23m6__138.p,129
binary_14p15__29.p,29
binary_27p12__39.p,23
binary_28p29__57.p,35
binary_29m24__696.p,217
binary_4p28__32.p,23
binary_3m9__27.p,55
binary_23m1__23.p,1
binary_7p12__19.p,19
binary_7p10__17.p,25
binary_24m8__192.p,95
binary_13p4__17.p,17
binary_0m26__0.p,1
binary_5p4__9.p,13
binary_22p20__42.p,31
binary_21m26__546.p,283
binary_1p4__5.p,3
binary_10m7__70.p,115
binary_24p15__39.p,23
binary_13m23__299.p,305
binary_10m9__90.p,139
binary_29p16__45.p,25
binary_4p23__27.p,19
binary_22p11__33.p,33
binary_29p1__30.p,5
binary_0p3__3.p,1
binary_2m29__58.p,31
binary_26p0__26.p,1
binary_7m21__147.p,209
binary_28p3__31.p,7
binary_8m20__160.p,95
binary_17m26__442.p,207
binary_8p4__12.p,13
binary_6m17__102.p,95
binary_28p10__38.p,23
binary_29m5__145.p,157
binary_29m2__58.p,35
binary_29p19__48.p,47
binary_20p24__44.p,25
binary_12m26__312.p,123
binary_1p19__20.p,11
binary_22p2__24.p,15
binary_25m19__475.p,297
binary_9m27__243.p,229
binary_21m0__0.p,1
binary_2p11__13.p,13
binary_20m2__40.p,31
binary_13p3__16.p,19
binary_11m12__132.p,171
binary_5p7__12.p,23
binary_27m20__540.p,281
binary_26p16__42.p,25
binary_15m13__195.p,265
binary_25p0__25.p,1
binary_3m18__54.p,61
binary_23p28__51.p,35
binary_22m11__242.p,261
binary_11p26__37.p,31
binary_3m11__33.p,75
binary_26p3__29.p,11
binary_23m29__667.p,485
binary_25p0__25.p,1
binary_8m25__200.p,119
binary_2m24__48.p,31
binary_27p6__33.p,25
binary_26m21__546.p,283
binary_7m17__119.p,153
binary_4p9__13.p,15
binary_17p2__19.p,7
binary_20m23__460.p,289
binary_10m13__130.p,165
binary_26p20__46.p,25
binary_21m0__0.p,1
binary_21p19__40.p,43
binary_8p7__15.p,13
binary_19m24__456.p,235
binary_13p20__33.p,31
binary_2m23__46.p,31
binary_7m0__0.p,1
binary_27m8__216.p,145
binary_2p23__25.p,17
binary_1p8__9.p,3
binary_6p17__23.p,15
binary_23m14__322.p,301
binary_10p6__16.p,21
binary_1p22__23.p,3
binary_7m23__161.p,263
binary_10p8__18.p,19
binary_25p2__27.p,7
binary_15p15__30.p,35
binary_25m7__175.p,147
binary_6p24__30.p,15
binary_21p9__30.p,25
binary_8m20__160.p,95
binary_18m20__360.p,179
binary_25m9__225.p,201
binary_27m23__621.p,515
binary_17p20__37.p,25
binary_16p8__24.p,19
binary_0p14__14.p,1
binary_2p9__11.p,9
binary_20p17__37.p,25
binary_21m3__63.p,61
binary_16p18__34.p,25
binary_6m7__42.p,99
binary_15p17__32.p,43
binary_9p4__13.p,13
binary_18p15__33.p,33
binary_15p9__24.p,35
binary_17m4__68.p,81
binary_1p14__15.p,3
binary_18m21__378.p,223
binary_10m4__40.p,67
binary_12m14__168.p,131
binary_5m24__120.p,105
binary_16m3__48.p,49
binary_21m15__315.p,303
binary_26p12__38.p,23
binary_10p14__24.p,29
binary_15m8__120.p,149
binary_4p18__22.p,15
binary_9m2__18.p,35
binary_5p24__29.p,15
binary_22m28__616.p,251
binary_14m11__154.p,211
binary_3p24__27.p,9
binary_13p2__15.p,7
binary_16m16__256.p,127
binary_28m15__420.p,255
binary_15m16__240.p,193
binary_1m13__13.p,1
binary_0m23__0.p,1
binary_5p26__31.p,15
binary_12m7__84.p,103
binary_5m12__60.p,93
binary_24m13__312.p,143
binary_27p14__41.p,33
binary_13p10__23.p,19
binary_15p21__36.p,43
binary_25p11__36.p,35
binary_24m18__432.p,155
binary_27m14__378.p,249
binary_29p13__42.p,33
binary_17p0__17.p,1
binary_17p2__19.p,7
binary_17m17__289.p,243
binary_5p0__5.p,1
binary_1m16__16.p,1
binary_26m22__572.p,251
binary_18p18__36.p,31
binary_0p13__13.p,1
binary_13m9__117.p,179
binary_20p12__32.p,27
binary_4p15__19.p,19
binary_23m5__115.p,157
binary_14m5__70.p,99
binary_27m15__405.p,387
binary_23m26__598.p,357
binary_26m13__338.p,195
binary_25m18__450.p,233
binary_12p23__35.p,31
binary_12p6__18.p,17
binary_5p29__34.p,29
binary_0p18__18.p,1
binary_7m16__112.p,127
binary_19p10__29.p,25
binary_23m19__437.p,457
binary_4m28__112.p,63
binary_21p7__28.p,27
binary_19m13__247.p,235
binary_7p17__24.p,31
binary_25p6__31.p,13
binary_10p21__31.p,21
binary_16p0__16.p,1
binary_13m29__377.p,269
binary_0m13__0.p,1
binary_13m1__13.p,1
binary_20p26__46.p,25
binary_17m6__102.p,93
binary_19m26__494.p,281
binary_4p11__15.p,15
binary_19p5__24.p,27
binary_1p10__11.p,3
binary_12p15__27.p,23
binary_20m25__500.p,193
binary_5p4__9.p,13
binary_16p15__31.p,19
binary_29p24__53.p,29
binary_3m15__45.p,75
binary_19p29__48.p,47
binary_1m18__18.p,1
binary_13m26__338.p,207
binary_8m22__176.p,109
binary_20m6__120.p,75
binary_25p1__26.p,5
binary_28m8__224.p,99
binary_1p10__11.p,3
binary_5m20__100.p,125
binary_26p21__47.p,25
binary_11p3__14.p,15
binary_15m25__375.p,273
binary_23p1__24.p,13
binary_5p28__33.p,23
binary_23p21__44.p,43
binary_11p7__18.p,27
binary_6p13__19.p,19
binary_22m24__528.p,203
binary_12p15__27.p,23
binary_8p17__25.p,21
binary_9m18__162.p,171
binary_11m18__198.p,223
binary_0p14__14.p,1
binary_16p27__43.p,25
binary_23p0__23.p,1
binary_28m27__756.p,291
binary_19p20__39.p,25
binary_26p9__35.p,23
binary_14m25__350.p,171
binary_19m20__380.p,251
binary_22m22__484.p,313
binary_23p19__42.p,43
binary_10m19__190.p,177
binary_19m23__437.p,475
binary_18p4__22.p,13
binary_14m9__126.p,143
