robinson_9p1p5m1__15.p,81
robinson_5m6m0m8__0.p,50
robinson_0p0m1m8__0.p,102
robinson_6m1p7p0__13.p,49
robinson_7p3m0m9__0.p,56
robinson_4m0p4m3__12.p,104
robinson_4m0p4p1__5.p,21
robinson_7p9m0m5__0.p,32
robinson_1p3p1p1__6.p,21
robinson_1m5p9p0__14.p,68
robinson_4m0p4p3__7.p,27
robinson_3m7p2p4__27.p,115
robinson_9m6p1p3__58.p,204
robinson_0m0p2m8__16.p,159
robinson_1m6p1p2__9.p,57
robinson_4m0p5p7__12.p,42
robinson_2m0m2m5__0.p,100
robinson_4m0p7p4__11.p,39
robinson_0p0m4m5__0.p,168
robinson_8m5p3m1__43.p,353
robinson_3m1m9p2__29.p,261
robinson_1m6p3p9__18.p,84
robinson_2m0m8p1__1.p,55
robinson_0p8p2m4__40.p,306
robinson_2m0p0m2__0.p,20
robinson_2p4p2m4__32.p,218
robinson_2m0p0m3__0.p,28
robinson_1m6p4p4__14.p,72
robinson_2m0p6p0__6.p,24
robinson_9m6p3p5__62.p,216
robinson_2m0p8p4__12.p,42
robinson_7m0p6m7__42.p,336
robinson_1m6p6p5__17.p,81
robinson_7m6m1p9__51.p,379
robinson_2m0p8p6__14.p,48
robinson_7m0p7p7__14.p,48
robinson_6p4m7p3__73.p,343
robinson_5p3p8m5__80.p,491
robinson_0p0p5m9__45.p,361
robinson_9m7p7p3__73.p,253
robinson_8p8m5p5__85.p,428
robinson_4m0p8m5__40.p,324
robinson_8p8p1p7__24.p,54
robinson_4p9m7p7__98.p,564
robinson_8p8p7p8__31.p,75
robinson_4p2m2m8__96.p,1017
robinson_6p4m8p8__88.p,404
robinson_0p0p6m7__42.p,335
robinson_8p9m2p1__35.p,188
robinson_6p4p6p6__22.p,54
robinson_2p4p3m9__81.p,542
robinson_2m1m2m8__32.p,607
robinson_2p4p4p9__19.p,57
robinson_4p2m5p4__34.p,160
robinson_2p5m1p1__8.p,54
robinson_4m0p9m6__54.p,440
robinson_4m1m1p2__6.p,52
robinson_4m1p8p2__14.p,52
robinson_3m7p4m4__100.p,1196
robinson_4p9m8p5__109.p,637
robinson_3m7p5p3__29.p,121
robinson_0p9m2m4__72.p,967
robinson_2m1p8m4__40.p,369
robinson_2m1p8p3__13.p,49
robinson_7p3m3m4__120.p,1210
robinson_2m2m4p6__22.p,198
robinson_9p7m3m4__192.p,1937
robinson_9p1p6m1__16.p,88
robinson_0p2m5m5__50.p,795
robinson_0p2p1m5__15.p,133
robinson_2m2m8p7__39.p,369
robinson_0p9m2m5__90.p,1220
robinson_2m2p8p2__14.p,56
robinson_4m2m1m6__48.p,911
robinson_2m2p8p3__15.p,59
robinson_2m3m1p4__10.p,88
robinson_3m7p9m4__120.p,1462
robinson_4m5p2m9__198.p,2726
robinson_4m5p5p5__30.p,116
robinson_3m8m1p5__29.p,257
robinson_2m3m3p0__18.p,212
robinson_0p2p6m8__64.p,492
robinson_4m2m4p9__41.p,336
robinson_0p2p6p5__13.p,45
robinson_0p3m7p5__26.p,178
robinson_6p5m3m5__165.p,1997
robinson_0p3p2p5__10.p,36
robinson_6p5m4p6__50.p,242
robinson_0p3p4m4__28.p,220
robinson_0p4m0p9__9.p,31
robinson_0p4m1p4__8.p,50
robinson_6p5m7p2__79.p,389
robinson_3p4m4m7__196.p,3191
robinson_0p4m1p9__13.p,65
robinson_3m1p6p2__11.p,43
robinson_0p9m3m5__135.p,1798
robinson_7p9m2m9__288.p,4002
robinson_8p2m4m7__280.p,4107
robinson_8m6m0p4__4.p,16
robinson_0p4m5p6__26.p,168
robinson_7p3m3p3__33.p,147
robinson_3p4m7p9__58.p,298
robinson_1m7m2m9__126.p,3520
robinson_8p2m7p6__76.p,306
robinson_0p9m7p9__72.p,482
robinson_0p9p0p2__11.p,39
robinson_1m7m3p4__25.p,350
robinson_1m7p5p2__14.p,76
robinson_1m7p5p8__20.p,94
robinson_1m7p8p2__17.p,85
robinson_1m8m0m0__0.p,2
robinson_8p3m3m2__66.p,590
robinson_6m7m7p1__295.p,4193
robinson_5p3p8p9__25.p,66
robinson_8p3m4p0__44.p,193
robinson_0p9p4m6__78.p,578
robinson_0p9p7m1__16.p,124
robinson_0p9p7p2__18.p,60
robinson_1m8p7m3__45.p,678
robinson_0p9p8p6__23.p,75
robinson_1m0m2p3__3.p,25
robinson_1m0p0p8__8.p,30
robinson_8p3p0m7__77.p,345
robinson_1m0p6p3__9.p,33
robinson_8p3p2p7__20.p,42
robinson_1m9m1p8__17.p,169
robinson_8p3p6p2__19.p,39
robinson_1m0p7p5__12.p,42
robinson_8p4m5p9__69.p,299
robinson_3m8m8p5__197.p,2853
robinson_3m8m9m0__0.p,2
robinson_8p4p2m5__70.p,360
robinson_8p4p9p3__24.p,54
robinson_8p5m3p5__44.p,204
robinson_6p5m8m3__264.p,2511
robinson_8p5m3p7__46.p,210
robinson_0p4m6m6__144.p,1798
robinson_8p5m5p8__73.p,331
robinson_0p4p0p1__5.p,21
robinson_0p4p5m0__0.p,2
robinson_2m3m4m5__120.p,2752
robinson_0p5m2m1__10.p,147
robinson_3m8p1m6__150.p,1988
robinson_0p5m6p4__34.p,233
robinson_6p5m9m1__99.p,945
robinson_6p5p1m4__48.p,262
robinson_1m9m8m1__72.p,1700
robinson_6p5p3p0__14.p,30
robinson_6p5p6p6__23.p,57
robinson_6p5p8m1__19.p,121
robinson_1m2m4m1__8.p,185
robinson_9m7p8m7__497.p,7613
robinson_8p9p6p8__31.p,75
robinson_4p2m6m9__324.p,6064
robinson_4p2m8p9__57.p,259
robinson_0p5p6m9__99.p,742
robinson_4p2m9p4__58.p,272
robinson_9m8m1p1__73.p,581
robinson_9m0m1m0__0.p,2
robinson_4p2p0m5__30.p,158
robinson_4p2p7m3__39.p,247
robinson_4p3m1p3__10.p,52
robinson_4p3m4p2__30.p,151
robinson_6p5p8m8__152.p,918
robinson_6p6m0p4__4.p,16
robinson_6p6m1m5__60.p,644
robinson_9m8m3p6__222.p,3262
robinson_6p6m9m1__108.p,1052
robinson_9m0m6p7__7.p,61
robinson_6p6m9p2__110.p,558
robinson_6p6p1p7__20.p,48
robinson_6p6p2p2__16.p,36
robinson_6p6p3p9__24.p,60
robinson_6p6p5p1__18.p,42
robinson_1m9p8m7__119.p,2264
robinson_1m9p8p2__19.p,99
robinson_6p7m1p2__15.p,83
robinson_1m2m6p2__14.p,181
robinson_1m2p5m2__14.p,158
robinson_1p0m4m4__16.p,262
robinson_1m2p6p3__11.p,47
robinson_4p3m9m2__126.p,2447
robinson_4p3p0p9__16.p,42
robinson_4p3p4p4__15.p,39
robinson_4p3p9p8__24.p,66
robinson_0p6m3m9__162.p,2443
robinson_4p4m1p7__15.p,71
robinson_4p4m4p0__32.p,172
robinson_2p5m9m8__504.p,10445
robinson_2p5p8m0__0.p,2
robinson_0p6m5p2__32.p,227
robinson_0p6m5p3__33.p,230
robinson_2p5p9m4__64.p,443
robinson_2p6m0m4__0.p,26
robinson_2p6p2p1__11.p,33
robinson_2m3m5m6__180.p,4481
robinson_2m3p1p8__15.p,63
robinson_2m3p6m0__0.p,2
robinson_2m3p7p9__22.p,84
robinson_2p6p6m4__56.p,387
robinson_1p0m6m8__48.p,838
robinson_1p0p4p0__5.p,18
robinson_1p0p6p1__8.p,27
robinson_1p0p8p1__10.p,33
robinson_1m2p8m3__30.p,328
robinson_1p1m6p6__18.p,108
robinson_1m2p9p7__18.p,68
robinson_2p7m1m7__63.p,806
robinson_2p7m1p4__13.p,77
robinson_1m3m3p4__13.p,149
robinson_6p7m3m6__234.p,3221
robinson_6p7m5m0__0.p,2
robinson_3p4m8m8__448.p,8111
robinson_3p4p5m0__0.p,2
robinson_3p4p9p5__21.p,60
robinson_3p5m5p4__44.p,244
robinson_0p6m8m2__96.p,1186
robinson_3p5m7p6__62.p,338
robinson_3p5p0p9__17.p,48
robinson_3p5p8p3__19.p,54
robinson_3p6m2p6__24.p,131
robinson_4p4m8m3__192.p,1887
robinson_4p4p0m2__16.p,95
robinson_1p1m7m3__42.p,560
robinson_1p1p5p8__15.p,48
robinson_3p6m8p8__80.p,444
robinson_4p4p6m6__84.p,528
robinson_2m3p9m9__135.p,1606
robinson_2m4m0m2__0.p,14
robinson_3p6p2m6__66.p,426
robinson_4p5m7p3__66.p,350
robinson_4p5p5p5__19.p,51
robinson_1p2m8m2__48.p,579
robinson_2m4m6p8__56.p,617
robinson_9m8p2m6__444.p,7220
robinson_1p2m8p7__31.p,181
robinson_1p2p0p0__3.p,12
robinson_9m0p6m6__36.p,289
robinson_1p2p2p1__6.p,21
robinson_4p5p6m7__105.p,664
robinson_4p5p6p7__22.p,60
robinson_4p5p6p8__23.p,63
robinson_1p2p5m5__40.p,292
robinson_2m4p6m5__70.p,841
robinson_4p6m2m4__80.p,880
robinson_4p6m3p5__35.p,189
robinson_1p2p5m8__64.p,460
robinson_4p6m5p7__57.p,303
robinson_1p2p8p5__16.p,51
robinson_1p2p9p8__20.p,63
robinson_4p6p0m4__40.p,237
robinson_4p6p4p1__15.p,39
robinson_4p6p5p9__24.p,66
robinson_4p7m1p8__19.p,95
robinson_4p7m2m2__44.p,498
robinson_9p7m5m8__640.p,18585
robinson_9p1p7m5__85.p,448
robinson_3m9m2m5__270.p,10316
robinson_9p7m5p9__89.p,420
robinson_9p1p8p3__21.p,42
robinson_4p7p2m6__78.p,488
robinson_4m2m7m7__392.p,12501
robinson_3p6p3m1__12.p,84
robinson_6m2m6m8__576.p,21732
robinson_6m2p1p0__13.p,53
robinson_0p6m9m7__378.p,4623
robinson_6m2p4p8__24.p,86
robinson_7m6m2m6__504.p,23341
robinson_7m0p9p2__11.p,39
robinson_1m3m8m8__192.p,5427
robinson_0p6p4m4__40.p,304
robinson_0p6p7p8__21.p,69
robinson_0p7m3m0__0.p,2
robinson_0p7m8m0__0.p,2
robinson_0p7p3p0__10.p,36
robinson_0p7p3p1__11.p,39
robinson_6m2p7m2__38.p,396
robinson_0p7p6p2__15.p,51
robinson_6m3m1p8__26.p,184
robinson_1m3p0m6__18.p,272
robinson_1m3p1m2__8.p,119
robinson_1m3p2p2__7.p,39
robinson_3m9m8p4__220.p,3350
robinson_3m9p3p8__38.p,156
robinson_7m6m3p4__130.p,1558
robinson_3p0m0m9__0.p,56
robinson_0p8m4m2__64.p,827
robinson_3p0m5m2__30.p,373
robinson_1m4m1m7__28.p,742
robinson_1m4p2p3__9.p,49
robinson_7m6m3p8__134.p,1570
robinson_2m5m5m2__100.p,2737
robinson_1m4p7p2__13.p,61
robinson_1m5m0m9__0.p,56
robinson_3p0m6m1__18.p,194
robinson_6m3m7p9__135.p,1388
robinson_1p3m5m6__120.p,1750
robinson_2m5p1m3__33.p,408
robinson_7m6m4p7__175.p,1942
robinson_4m2m8m2__128.p,3345
robinson_4m2p5p0__13.p,53
robinson_3p6p4p6__19.p,54
robinson_1m5m1m7__35.p,953
robinson_4m2p5p8__21.p,77
robinson_1m5m3p0__15.p,235
robinson_1m5p6p5__16.p,74
robinson_1m5p6p8__19.p,83
robinson_1m5p7p3__15.p,71
robinson_4m2p6m4__56.p,549
robinson_3p7m2m4__80.p,928
robinson_4m3m2p3__27.p,262
robinson_2p7m7m7__441.p,9730
robinson_3p0m6m5__90.p,1306
robinson_3p0p2p7__12.p,33
robinson_3p1m1p0__4.p,26
robinson_2p8m2m3__60.p,734
robinson_4m3m7p3__87.p,893
robinson_4m3p0p2__14.p,60
robinson_3p1m2m8__64.p,676
robinson_4m3p2m3__42.p,439
robinson_3p1m5p1__21.p,109
robinson_3p1p0p0__4.p,9
robinson_3p1p2p7__13.p,36
robinson_3p1p3m7__49.p,297
robinson_3p7m2m9__180.p,2522
robinson_9m8p6m9__702.p,13530
robinson_9m0p9p1__10.p,36
robinson_3p7p0p5__15.p,42
robinson_9p7m9m5__720.p,9572
robinson_9m8p7p0__79.p,275
robinson_9m1m0p6__6.p,22
robinson_3p7p2p1__13.p,36
robinson_9p7p8p0__24.p,51
robinson_9p1p9m6__114.p,619
robinson_9p2m1p7__18.p,72
robinson_5m6m3m7__630.p,32372
robinson_3m1p7m3__30.p,271
robinson_3p7p4m3__42.p,280
robinson_9p8m5m1__85.p,838
robinson_9p8p3m0__0.p,2
robinson_9p2m2p9__31.p,121
robinson_4p9p0m9__117.p,723
robinson_9p2m4p8__52.p,204
robinson_3p1p8m5__60.p,393
robinson_3p2m1p2__7.p,39
robinson_9p8p4m4__84.p,471
robinson_9p8p9p0__26.p,57
robinson_9p2m7p5__82.p,324
robinson_7p9m6m8__768.p,25104
robinson_7m1m2p1__15.p,127
robinson_9p2m7p9__86.p,336
robinson_3p2m4p7__27.p,129
robinson_3p2m7m0__0.p,2
robinson_7p9p3m2__38.p,227
robinson_8m0m0p6__6.p,22
robinson_8m0m2p7__7.p,37
robinson_8m0m9p0__0.p,58
robinson_6p7m5m6__390.p,9779
robinson_6p7p7p1__21.p,51
robinson_8m0m9p4__4.p,70
robinson_6p8m2p2__30.p,165
robinson_8m1m0p1__1.p,7
robinson_3p7p6m7__112.p,741
robinson_3p7p6p1__17.p,48
robinson_8m1m1m1__8.p,134
robinson_4m6m7p5__173.p,2144
robinson_8m1p0p5__13.p,49
robinson_8m1p1m0__0.p,2
robinson_3p2m7p1__36.p,186
robinson_8m1p2p8__18.p,64
robinson_8m1p4p7__19.p,67
robinson_8m1p5p7__20.p,70
robinson_8m1p6m0__0.p,2
robinson_4m3p3m9__135.p,1569
robinson_8m1p6p6__20.p,70
robinson_3p8m0m6__0.p,38
robinson_8m1p7p3__18.p,64
robinson_8m1p7p4__19.p,67
robinson_3p2m8p2__42.p,214
robinson_3p2m9m0__0.p,2
robinson_9m8p8m3__240.p,3813
robinson_3p2p1p2__8.p,21
robinson_9m8p9p6__87.p,299
robinson_3p2p4p2__11.p,30
robinson_9m9m0p6__6.p,22
robinson_4p9m3m8__312.p,5581
robinson_1p3m7m6__168.p,2725
robinson_8m1p8m3__48.p,429
robinson_9m9m1p8__89.p,673
robinson_3p3m1m5__30.p,344
robinson_4p9m6p4__82.p,476
robinson_9p9m3m6__324.p,4212
robinson_9p2p0m6__66.p,278
robinson_3p3m8p8__56.p,281
robinson_3p3p9p5__20.p,57
robinson_9m1m2m9__162.p,2966
robinson_8m6m3m6__864.p,20463
robinson_4m3p4m8__128.p,1467
robinson_3p8m4p8__52.p,297
robinson_6p8m9m3__378.p,3813
robinson_6p8p2p4__20.p,48
robinson_5m7m8m1__280.p,5164
robinson_4m6p5m0__0.p,2
robinson_4p9p4p9__26.p,72
robinson_4m3p7m4__76.p,788
robinson_4m3p8p7__27.p,99
robinson_7p3m8m4__320.p,8079
robinson_7p3p2m1__12.p,68
robinson_9m9m5p0__405.p,5218
robinson_4m3p9p6__27.p,99
robinson_7p3p6p5__21.p,48
robinson_7p4m3m0__0.p,2
robinson_6p8p5m9__171.p,1032
robinson_7m1m9p3__66.p,532
robinson_7m1m9p4__67.p,535
robinson_6p8p9m3__69.p,433
robinson_6p9p2p0__17.p,39
robinson_6p9p7p3__25.p,63
robinson_7m0m0m6__0.p,38
robinson_7p4m3m3__99.p,944
robinson_7p4m3p1__34.p,162
robinson_9m1m3m7__189.p,3857
robinson_9m1m8p0__72.p,606
robinson_5m7p2m4__148.p,1792
robinson_5m0m6m2__0.p,110
robinson_4m6p5p7__36.p,138
robinson_5m7p5m1__40.p,348
robinson_5m0m9m6__0.p,398
robinson_9m1p8m5__85.p,797
robinson_4m6p9m3__99.p,1230
robinson_5m7p6m2__82.p,1256
robinson_5m0m9p8__8.p,82
robinson_4m4m9p2__146.p,1700
robinson_4m7m4p0__112.p,1286
robinson_9m1p8m6__102.p,982
robinson_2m8m6m7__672.p,36672
robinson_1p4m0m6__0.p,38
robinson_0m1m1p6__6.p,36
robinson_8m6m8p5__389.p,5790
robinson_2m8m6p9__105.p,1468
robinson_1p4p0p6__11.p,36
robinson_2m8p1p0__17.p,89
robinson_1p4p3m5__40.p,291
robinson_8m6p5m3__159.p,2100
robinson_8m6p9m1__57.p,459
robinson_8m7m0m1__0.p,8
robinson_2m8p4m5__100.p,1303
robinson_1p4p5p1__11.p,36
robinson_5m8m7p8__288.p,3395
robinson_4m7p2p1__31.p,127
robinson_5m0p7m2__14.p,116
robinson_3m2m8m8__384.p,11222
robinson_3m2p4p2__12.p,50
robinson_3m2p4p3__13.p,53
robinson_3m2p4p9__19.p,71
robinson_3m2p6m2__24.p,249
robinson_4m4p3m9__171.p,2181
robinson_2p8m5m8__400.p,10977
robinson_2p8m6p0__60.p,386
robinson_2p8p2m5__60.p,416
robinson_2p8p3p1__14.p,42
robinson_2p8p4m0__0.p,2
robinson_2p8p4p2__16.p,48
robinson_2p8p4p6__20.p,60
robinson_2p8p4p7__21.p,63
robinson_3p8m7m5__385.p,6758
robinson_5m8p0m6__240.p,2704
robinson_4m8m1m0__0.p,2
robinson_3m2p7p9__22.p,80
robinson_5m1p1m2__12.p,115
robinson_4m4p6m5__110.p,1233
robinson_7p4m6m7__462.p,8040
robinson_5m8p5p8__53.p,197
robinson_5m1p2p2__9.p,37
robinson_3m2p9p7__22.p,80
robinson_2p8p5m7__105.p,720
robinson_2p8p7m0__0.p,2
robinson_2p8p7p8__25.p,75
robinson_2p9p3p6__20.p,60
robinson_2p9p7p8__26.p,78
robinson_2p9p8m1__19.p,137
robinson_3p8m9p8__107.p,629
robinson_3m0m0p0__0.p,4
robinson_3p8p1p2__14.p,39
robinson_3m0p3m3__9.p,83
robinson_3m1m0m8__0.p,50
robinson_9m9m8p9__657.p,9836
robinson_3p8p2m7__91.p,597
robinson_8p5m9m9__1053.p,28354
robinson_4m4p9m3__75.p,834
robinson_4m5m0p5__5.p,19
robinson_3m1m1m8__24.p,447
robinson_8p5p3m4__64.p,347
robinson_3p8p2m8__104.p,680
robinson_3p9m2m1__24.p,293
robinson_9p9m6m6__648.p,18960
robinson_9p2p1m6__72.p,320
robinson_8p5p3m7__112.p,599
robinson_3m1m1m9__27.p,501
robinson_9p9m6p1__109.p,557
robinson_9p2p4p8__23.p,48
robinson_3p9m5m1__60.p,693
robinson_3m1m7p1__22.p,204
robinson_9p9m8p7__151.p,763
robinson_9p2p7p1__19.p,36
robinson_8p5p9m6__132.p,768
robinson_8p6m4p2__58.p,282
robinson_9p9m9p3__165.p,845
robinson_9p2p9p1__21.p,42
robinson_9p3p3m2__30.p,155
robinson_4m8m1m4__128.p,4328
robinson_2m9m4m3__216.p,6678
robinson_1p4p9m0__0.p,2
robinson_9m9p3m5__420.p,5627
robinson_5m8p8m6__288.p,3946
robinson_5m9p4m0__0.p,2
robinson_5m1p9p0__14.p,52
robinson_3m2p9p9__24.p,86
robinson_9p4m5m3__195.p,2901
robinson_5m9p6p0__51.p,195
robinson_9p4m6p7__85.p,363
robinson_2m9m6p4__112.p,1693
robinson_1p5m6p1__37.p,243
robinson_5m9p8m2__106.p,1874
robinson_9p4m7m3__273.p,2394
robinson_5p0m8m1__40.p,368
robinson_2m9m6p7__115.p,1702
robinson_5p0p0m1__5.p,27
robinson_5p0p0p5__10.p,21
robinson_1p5m8p7__55.p,337
robinson_5p0p3p4__12.p,27
robinson_9p4p3m8__128.p,651
robinson_9p4p7p4__24.p,51
robinson_5p1m2m4__48.p,451
robinson_4m8m2m2__128.p,4208
robinson_9p5m8m3__336.p,3015
robinson_9m9p5m7__602.p,7484
robinson_9p0m0p7__7.p,25
robinson_4m5m1m8__160.p,4405
robinson_9p0m1m6__54.p,432
robinson_4m5m2m0__0.p,2
robinson_9p0m2p8__26.p,94
robinson_9p0m4m0__0.p,2
robinson_6m3m8m3__432.p,23055
robinson_9p0m8p8__80.p,292
robinson_6m3p1m2__38.p,410
robinson_9p0p4m2__26.p,127
robinson_9p0p4p7__20.p,39
robinson_9p0p7p3__19.p,36
robinson_9p0p8m0__0.p,2
robinson_9p1m3m0__0.p,2
robinson_8p6m5m4__280.p,5757
robinson_5p1m6m4__144.p,2194
robinson_8p6p1m9__135.p,698
robinson_7p4m6m9__594.p,11770
robinson_9m2m4m4__288.p,8458
robinson_7p5m2p4__28.p,135
robinson_4m5m6p3__123.p,1400
robinson_7p5m2p7__31.p,144
robinson_4m5p0p8__28.p,110
robinson_7p5m4p2__50.p,242
robinson_6m3p1m7__133.p,1487
robinson_6m3p1p8__27.p,99
robinson_9m2m5p6__96.p,844
robinson_9m2p2m0__0.p,2
robinson_9p1m6m2__120.p,1410
robinson_9m2p7m1__25.p,203
robinson_5m2m5m7__350.p,11522
robinson_8p7m2m7__210.p,2421
robinson_8p7m2p8__38.p,181
robinson_6m3p3m7__147.p,1687
robinson_6m3p4m0__0.p,2
robinson_6m3p4p0__22.p,84
robinson_6m3p5p5__28.p,102
robinson_8p7m4p1__61.p,308
robinson_6m3p7p5__30.p,108
robinson_6m3p8m1__26.p,218
robinson_6m4m0p0__0.p,4
robinson_6m4m0p2__2.p,10
robinson_9m3p1m9__252.p,3096
robinson_4m8m4m4__512.p,9938
robinson_6m4m8p2__194.p,2351
robinson_9m3p2p5__34.p,120
robinson_6m4p0p5__29.p,109
robinson_6m4p1p3__28.p,106
robinson_6m4p9p3__36.p,130
robinson_6m5m2p7__67.p,782
robinson_3m3m7m7__441.p,15572
robinson_5p1m6m7__252.p,4270
robinson_3m3m8m1__72.p,1143
robinson_6m7m9m2__756.p,46508
robinson_0m1m2p2__2.p,34
robinson_5p4m1m3__27.p,293
robinson_9m4m6p7__223.p,2246
robinson_8m7m2m4__448.p,24134
robinson_9p5m8m7__784.p,18651
robinson_7p5m7m7__588.p,12236
robinson_5p1m9m2__108.p,1903
robinson_6m7p1m6__258.p,3497
robinson_5p4p0m1__9.p,55
robinson_0m1m8p7__7.p,109
robinson_6m7p9p1__52.p,190
robinson_0m1p2m8__16.p,216
robinson_8m7m2p5__117.p,1844
robinson_7p5m8p6__102.p,478
robinson_7p5p0m1__12.p,68
robinson_7p5p1p8__21.p,48
robinson_7p5p3p6__21.p,48
robinson_7p5p4p0__16.p,33
robinson_6m7p9p5__56.p,202
robinson_6m8m1p6__54.p,428
robinson_6m8m3p8__152.p,1960
robinson_8m7m4p4__228.p,2759
robinson_6m8m3p9__153.p,1963
robinson_6m8m6p9__297.p,3810
robinson_5p5m5m7__350.p,7424
robinson_0m1p7p7__14.p,52
robinson_9m4m8p6__294.p,3477
robinson_9m4p0p1__37.p,133
robinson_5p5p1m7__77.p,430
robinson_9p5m9m5__630.p,7929
robinson_9p5p2m0__0.p,2
robinson_9p5p3m2__34.p,183
robinson_3p9m7m9__756.p,23206
robinson_4m0m1p1__1.p,13
robinson_4m0m3p8__8.p,46
robinson_4m0m6m0__0.p,2
robinson_9m4p1m4__148.p,1564
robinson_9m4p4p0__40.p,142
robinson_9m4p6p3__45.p,157
robinson_8m2m5m9__720.p,29959
robinson_8m2p5p2__23.p,83
robinson_8p7m6m6__540.p,13242
robinson_9p1m6m9__540.p,11714
robinson_9p1m7p2__72.p,278
robinson_9p1m9p3__93.p,357
robinson_9p1p0m0__0.p,2
robinson_9p1p1m5__55.p,237
robinson_9p1p4m6__84.p,406
robinson_8m2p7m9__207.p,2393
robinson_7p6m7m5__455.p,12367
robinson_8m3m6p4__148.p,1589
robinson_8m3p0p9__33.p,117
robinson_8m3p1p6__31.p,111
robinson_8m3p2p3__29.p,105
robinson_8m3p4p0__28.p,102
robinson_8m4m2p3__67.p,794
robinson_9m4p7m8__344.p,4919
robinson_8m4m2p6__70.p,803
robinson_4m8m4m6__768.p,19857
robinson_9m5m2p0__90.p,1270
robinson_9m5p1p3__49.p,173
robinson_9m5p2p3__50.p,176
robinson_5m2m9m7__630.p,28066
robinson_5m2p0p0__10.p,44
robinson_9m5p7p6__58.p,200
robinson_5m2p6p8__24.p,86
robinson_4m8p3m1__35.p,321
robinson_4m8p4p4__40.p,158
robinson_3m4m3p4__40.p,404
robinson_4m8p7m1__39.p,349
robinson_9m5p8p0__53.p,185
robinson_5m3m1m3__45.p,961
robinson_3m4m6m1__72.p,1210
robinson_5m3m2p5__35.p,329
robinson_9p6m4m9__540.p,12772
robinson_7p6m9m3__351.p,7729
robinson_3m4p1m4__52.p,568
robinson_3m4p3m1__15.p,149
robinson_8m4p3m5__175.p,1910
robinson_5p1m9m8__432.p,10333
robinson_5p1p4m0__0.p,2
robinson_7p6m9p8__125.p,603
robinson_7p6p3p7__23.p,54
robinson_7p6p5p5__23.p,54
robinson_5p2m7p3__52.p,234
robinson_7p6p8m6__126.p,750
robinson_7p7m7m0__0.p,2
robinson_7p7p3m5__85.p,486
robinson_7p7p3p2__19.p,42
robinson_7p8m2p6__36.p,183
robinson_9p6m5m3__225.p,3853
robinson_7p8m7p2__107.p,561
robinson_7p8p0m2__30.p,169
robinson_4m8p8m7__280.p,4219
robinson_4m8p8p9__49.p,185
robinson_3m5m2p7__37.p,385
robinson_8m4p7m5__195.p,2210
robinson_7p8p0p2__17.p,36
robinson_8m5m1p4__44.p,342
robinson_7p8p5p3__23.p,54
robinson_9m6m6p7__331.p,3588
robinson_5m3m4m3__180.p,5776
robinson_5m3m6p2__92.p,893
robinson_5m3m7m0__0.p,2
robinson_4m9m7p4__256.p,3539
robinson_5m3m7p9__114.p,1089
robinson_5m3p0p6__21.p,81
robinson_5m3p1p3__19.p,75
robinson_4m9m8p2__290.p,4316
robinson_5m3p3m7__126.p,1428
robinson_9p6m5m6__450.p,11197
robinson_9p6p1m8__128.p,645
robinson_9p6p1p2__18.p,33
robinson_9p6p3p4__22.p,45
robinson_9p6p8p6__29.p,66
robinson_9p7m2m4__128.p,1264
robinson_5m3p3m8__144.p,1660
robinson_5p2m8m6__336.p,7795
robinson_5p2p1p4__12.p,27
robinson_4m9p1m8__296.p,4526
robinson_4m9p3p6__45.p,177
robinson_5p2p4m6__66.p,378
robinson_5m4m6p7__127.p,1259
robinson_5p2p6m9__117.p,690
robinson_5p2p9p9__25.p,66
robinson_5p3m0m1__0.p,8
robinson_4m9p9m5__225.p,2764
robinson_4p0m2p5__13.p,55
robinson_4p0m2p8__16.p,64
robinson_4p0m5p6__26.p,112
robinson_8p7m6m9__810.p,23877
robinson_8p7m6p7__97.p,473
robinson_8p7p0m0__0.p,2
robinson_2m6m9m9__972.p,51427
robinson_8p7p5m7__140.p,797
robinson_8p7p5p4__24.p,54
robinson_8p7p8p9__32.p,78
robinson_8p8m0m9__0.p,56
robinson_8p8m1m3__48.p,512
robinson_8p8m3p6__54.p,270
robinson_8p8m5p4__84.p,425
robinson_4p0m7m3__84.p,1290
robinson_5m4m8m1__160.p,2628
robinson_5m4p4p8__32.p,118
robinson_4p0p1m5__25.p,131
robinson_4p0p4m1__8.p,52
robinson_2m7p4m6__108.p,1478
robinson_3m5m3m9__405.p,14026
robinson_2m7p5m8__152.p,2122
robinson_2m9m7m8__1008.p,69466
robinson_1p5p0m1__6.p,50
robinson_2m7p6m4__80.p,1010
robinson_2m7p9m1__23.p,229
robinson_6m5m5m4__600.p,27503
robinson_6m5p0p0__30.p,116
robinson_6m5p0p6__36.p,134
robinson_6m6m0p6__6.p,22
robinson_2m7p9m7__161.p,2191
robinson_2m8m1m0__0.p,2
robinson_6m6m2p8__80.p,1016
robinson_6m6p1p9__46.p,168
robinson_6m6p4p8__48.p,174
robinson_6m6p7p9__52.p,186
robinson_6m7m3p5__131.p,1616
robinson_5p3m6m8__384.p,7685
robinson_5p3p3m4__44.p,255
robinson_5p3p3p2__13.p,30
robinson_5p3p4p2__14.p,33
robinson_6m7m5m2__420.p,8002
robinson_3m5m4m7__420.p,15744
robinson_3m5m5p3__78.p,897
robinson_7m1p3p9__19.p,67
robinson_0m2m5p8__8.p,106
robinson_5p5p4m4__56.p,339
robinson_7m6p7p9__58.p,204
robinson_7m1p4p5__16.p,58
robinson_0m2p2m4__8.p,144
robinson_7m7m0m8__0.p,50
robinson_5p5p8m4__72.p,451
robinson_0m2p3m9__27.p,393
robinson_7m1p5m7__84.p,770
robinson_5p6m2m4__88.p,936
robinson_7m7m9p4__445.p,7396
robinson_5p6p0p0__11.p,24
robinson_7m1p9m5__80.p,728
robinson_8m5m3m7__840.p,29960
robinson_7m7p7m7__392.p,6013
robinson_7m2m0p3__3.p,13
robinson_7m7p9m5__290.p,3429
robinson_7m8m1p6__62.p,484
robinson_7m2m5p0__70.p,678
robinson_7m2m6m1__84.p,1245
robinson_7m8m3m3__504.p,10567
robinson_7m2m6p5__89.p,840
robinson_7m8m3p4__172.p,2352
robinson_7m8m4p3__227.p,2838
robinson_6m8p8m0__0.p,2
robinson_5p6p6m1__17.p,111
robinson_5p7m1m5__60.p,674
robinson_6m9p0m3__162.p,2307
robinson_6m9p0p2__56.p,210
robinson_6m9p3p7__64.p,234
robinson_6m9p9p1__64.p,234
robinson_6p0m0p8__8.p,28
robinson_6p0p5p5__16.p,36
robinson_6p0p5p6__17.p,39
robinson_6p0p7m1__13.p,79
robinson_6p1m6p5__47.p,195
robinson_6p1m7m0__0.p,2
robinson_6p1p4p3__14.p,30
robinson_6p1p5m0__0.p,2
robinson_6p1p6m2__26.p,151
robinson_6p1p8p2__17.p,39
robinson_6p2m2p6__22.p,94
robinson_6p2m7p5__61.p,261
robinson_6p2m7p6__62.p,264
robinson_6p3m3m6__162.p,1945
robinson_2m9m8m8__1152.p,86131
robinson_0m3p8m2__16.p,192
robinson_1p5p2m9__72.p,514
robinson_5m5m4m7__700.p,42304
robinson_4p1m7p3__38.p,176
robinson_6p3m7m2__126.p,1827
robinson_6p3m7p9__72.p,316
robinson_6p3p6m0__0.p,2
robinson_6p4m0p7__7.p,25
robinson_6p4m5m5__250.p,4501
robinson_5m5m7m2__350.p,8792
robinson_4p1p3m5__40.p,230
robinson_7m2m7m9__882.p,40436
robinson_7m2p0p2__16.p,62
robinson_3m5m9m9__1215.p,79174
robinson_3m5p0m5__75.p,898
robinson_3m5p2p1__18.p,80
robinson_3m5p7m4__88.p,1005
robinson_3m6p2m6__120.p,1650
robinson_3m6p3p5__26.p,108
robinson_3m7m0m0__0.p,2
robinson_3m7m2m0__0.p,2
robinson_3m7m5p7__112.p,1326
robinson_3m7m6p3__129.p,1669
robinson_2m9m9m3__486.p,31883
robinson_1p5p2p0__8.p,27
robinson_0m3p8p5__13.p,57
robinson_2m9m9p0__162.p,2689
robinson_0m4p2p3__5.p,37
robinson_1p5p5m4__44.p,319
robinson_2m9p0m8__144.p,2369
robinson_1p5p5m6__66.p,474
robinson_2m9p1m3__57.p,794
robinson_1p6m3p5__26.p,162
robinson_2m9p2p2__22.p,108
robinson_2m9p3m5__105.p,1428
robinson_2p0m1m0__0.p,2
robinson_2p0m9p1__19.p,115
robinson_2p0p3m6__30.p,196
robinson_2p0p5m7__49.p,325
robinson_2p1m1m6__18.p,210
robinson_1p6m6m7__294.p,7080
robinson_1p6m7p2__51.p,333
robinson_1p6m8m0__0.p,2
robinson_1p6m8p9__65.p,399
robinson_1p6p5m9__108.p,768
robinson_2p1p2m7__35.p,227
robinson_1p6p5p2__14.p,45
robinson_1p6p8m1__15.p,113
robinson_2p1p2p3__8.p,24
robinson_1p7m4p6__38.p,239
robinson_1p7m6p6__54.p,344
robinson_2p1p4m5__35.p,235
robinson_1p8m3p4__31.p,201
robinson_2p1p7p4__14.p,42
robinson_1p8p0p6__15.p,48
robinson_2p2m1p8__12.p,54
robinson_1p8p7m8__128.p,908
robinson_2p2m6p8__32.p,164
robinson_1p9m6m1__60.p,737
robinson_2p2m7m4__112.p,1966
robinson_2p2m8p0__32.p,184
robinson_2p2p5m4__36.p,247
robinson_2p3p0m3__15.p,99
robinson_2p3p4p5__14.p,42
robinson_1p9m6m7__420.p,12043
robinson_1p9m8p4__84.p,565
robinson_1p9p0m6__60.p,426
robinson_1p9p1p5__16.p,51
robinson_1p9p3p1__14.p,45
robinson_2p4m5m9__270.p,4947
robinson_1p9p5m5__75.p,537
robinson_2p4m7m1__42.p,462
robinson_2p4p0p3__9.p,27
robinson_1p9p6m9__144.p,1020
robinson_7m8p1m0__0.p,2
robinson_7m2p3m7__119.p,1243
robinson_7m2p5m7__133.p,1330
robinson_7m8p4m7__420.p,6198
robinson_7m2p8p9__31.p,107
robinson_7m8p9m6__390.p,4662
robinson_7m2p9m0__0.p,2
robinson_0m4p7p6__13.p,61
robinson_5p7m2p9__33.p,166
robinson_8m7p2p9__67.p,235
robinson_8m7p9m0__0.p,2
robinson_0m4p9p2__11.p,55
robinson_8m8m1p9__73.p,549
robinson_8m8m5p3__323.p,3963
robinson_5p7m4m4__192.p,3615
robinson_0m4p9p8__17.p,73
robinson_8m8m8p7__519.p,8539
robinson_5p7m5m9__540.p,14525
robinson_0m5m5p7__7.p,175
robinson_5p7m5p9__69.p,360
robinson_5p7p4p5__21.p,54
robinson_5p7p6p3__21.p,54
robinson_0m5m5p8__8.p,178
robinson_0m6p1m2__2.p,116
robinson_7m9m1m3__189.p,8511
robinson_7m3m3p6__69.p,638
robinson_4p1p6m5__55.p,338
robinson_3m7m7p7__154.p,2036
robinson_5m5m7p5__180.p,1977
robinson_4p1p7m0__0.p,2
robinson_5m5p0p5__30.p,116
robinson_4p2m0p2__2.p,10
robinson_5m5p2p5__32.p,122
robinson_3m7m9p1__190.p,2728
robinson_3m7m9p5__194.p,2740
robinson_7m9m1m8__504.p,27426
robinson_7p0m2m1__14.p,126
robinson_7p0m2m3__42.p,414
robinson_7p0m6p7__49.p,187
robinson_7p0p2p6__15.p,30
robinson_7p1m4m3__96.p,835
robinson_7m3m4m3__252.p,6727
robinson_5p7p7m0__0.p,2
robinson_0m6p2m9__18.p,602
robinson_7p1m7m9__504.p,11197
robinson_7p1p1p2__11.p,18
robinson_7p1p3p7__18.p,39
robinson_7p1p7m2__30.p,171
robinson_7p2m4p2__38.p,162
robinson_7p2m9m1__81.p,709
robinson_7p2m9p7__88.p,362
robinson_8m8m9p6__582.p,10279
robinson_5p8m1m0__0.p,2
robinson_0m6p9m2__18.p,263
robinson_8m8p0p7__71.p,251
robinson_5p8p4m0__0.p,2
robinson_7p2p9m4__72.p,419
robinson_0m6p9m7__63.p,1005
robinson_8m9m3m2__432.p,9114
robinson_0m7m0p1__1.p,7
robinson_5p8p7m4__80.p,507
robinson_8m9p0m2__144.p,2752
robinson_0m7m0p7__7.p,25
robinson_5p8p7m7__140.p,881
robinson_8m9p3m6__450.p,6098
robinson_8m9p4m4__304.p,4234
robinson_8m9p6m3__234.p,3756
robinson_8p0m0p4__4.p,16
robinson_8p0m5m2__80.p,1084
robinson_8p0m7m1__56.p,470
robinson_8p0m7m5__280.p,5886
robinson_8p0p0m3__24.p,100
robinson_8p1m3m1__27.p,237
robinson_8p1m9m0__0.p,2
robinson_8p1p2m3__33.p,157
robinson_8p1p6p5__20.p,42
robinson_5p8p9p6__28.p,75
robinson_7m3p3p6__30.p,108
robinson_5p9p6m1__20.p,132
robinson_0m7p5m8__40.p,915
robinson_0m7p5p1__6.p,52
robinson_7m3p9m8__240.p,2812
robinson_7m3p9p1__31.p,111
robinson_0m7p6m5__30.p,572
robinson_5p9p8m9__198.p,1257
robinson_0m7p6p8__14.p,76
robinson_6m0m2m4__0.p,82
robinson_7m4m2p2__58.p,673
robinson_0m7p9p0__9.p,61
robinson_6m0m4m1__0.p,48
robinson_7m4p0m7__196.p,2431
robinson_0m8m5p9__9.p,253
robinson_6m0m4m4__0.p,138
robinson_7m4p3m7__217.p,2722
robinson_0m8p1m1__1.p,83
robinson_6m0p0p8__8.p,30
robinson_7m4p3p8__39.p,139
robinson_6m0p1p1__2.p,12
robinson_7m4p4p2__34.p,124
robinson_0m8p1m6__6.p,388
robinson_0m8p4p1__5.p,53
robinson_6m0p8m6__48.p,388
robinson_6m1m0m4__0.p,26
robinson_0m9m8p3__3.p,385
robinson_7m5p4m4__156.p,1724
robinson_6m1p0p4__10.p,40
robinson_0m9p1m6__6.p,426
robinson_7m5p4m7__273.p,3627
